Label,# Samples,Average,Min,Max,Std. Dev.,Error %,Throughput,Received KB/sec,Sent KB/sec,Avg. Bytes
HTTP Request,1000,3839,122,7241,2019.00,0.000%,121.49192,1647.26,40.58,13884.0
TOTAL,1000,3839,122,7241,2019.00,0.000%,121.49192,1647.26,40.58,13884.0
